panel,held_out,method,budget,level,mae_pp,summary
a,HC-502,music_weighted,60,balanced,4.630031615524588,donor
a,HC-502,music_weighted,60,ratio2,4.732726829881758,donor
a,HC-502,music_weighted,60,ratio4,5.015993381958859,donor
a,HC-502,music_weighted,60,ratio10,5.5916121072659,donor
a,IGTB256,music_weighted,60,balanced,4.4349809800361975,donor
a,IGTB256,music_weighted,60,ratio2,4.509391853586797,donor
a,IGTB256,music_weighted,60,ratio4,4.685577851203074,donor
a,IGTB256,music_weighted,60,ratio10,5.28006542483534,donor
a,IGTB514,music_weighted,60,balanced,4.347021797477353,donor
a,IGTB514,music_weighted,60,ratio2,4.42599261922426,donor
a,IGTB514,music_weighted,60,ratio4,4.629310100222325,donor
a,IGTB514,music_weighted,60,ratio10,5.2075625583517935,donor
a,IGTB1506,music_weighted,60,balanced,5.013879251071914,donor
a,IGTB1506,music_weighted,60,ratio2,5.0680929799373615,donor
a,IGTB1506,music_weighted,60,ratio4,5.204658755015109,donor
a,IGTB1506,music_weighted,60,ratio10,5.668414173376492,donor
a,IGTB508,music_weighted,60,balanced,4.545270362429765,donor
a,IGTB508,music_weighted,60,ratio2,4.631834664975663,donor
a,IGTB508,music_weighted,60,ratio4,4.760327357990744,donor
a,IGTB508,music_weighted,60,ratio10,5.374184385761816,donor
a,IGTB1650,music_weighted,60,balanced,4.634930414020865,donor
a,IGTB1650,music_weighted,60,ratio2,4.736460602227889,donor
a,IGTB1650,music_weighted,60,ratio4,4.913766208879025,donor
a,IGTB1650,music_weighted,60,ratio10,5.60654344663145,donor
a,IGTB195,music_weighted,60,balanced,4.721869681399416,donor
a,IGTB195,music_weighted,60,ratio2,4.819060049924942,donor
a,IGTB195,music_weighted,60,ratio4,5.04689091844456,donor
a,IGTB195,music_weighted,60,ratio10,5.502005496803864,donor
a,IGTB1913,music_weighted,60,balanced,5.0183627374246855,donor
a,IGTB1913,music_weighted,60,ratio2,5.092609537008108,donor
a,IGTB1913,music_weighted,60,ratio4,5.295479604127337,donor
a,IGTB1913,music_weighted,60,ratio10,5.973015058021303,donor
a,HC-572,music_weighted,60,balanced,6.372826621393149,donor
a,HC-572,music_weighted,60,ratio2,6.403764950587153,donor
a,HC-572,music_weighted,60,ratio4,6.390735816133576,donor
a,HC-572,music_weighted,60,ratio10,6.431662298366814,donor
a,HC-014,music_weighted,60,balanced,8.15467965824986,donor
a,HC-014,music_weighted,60,ratio2,8.182398929982787,donor
a,HC-014,music_weighted,60,ratio4,8.079209344497919,donor
a,HC-014,music_weighted,60,ratio10,7.721137848645848,donor
a,IGTB1921,music_weighted,60,balanced,4.5570690398843885,donor
a,IGTB1921,music_weighted,60,ratio2,4.613371984833835,donor
a,IGTB1921,music_weighted,60,ratio4,4.79042570698554,donor
a,IGTB1921,music_weighted,60,ratio10,5.411570030625274,donor
a,IGTB826,music_weighted,60,balanced,4.975863399330598,donor
a,IGTB826,music_weighted,60,ratio2,4.912021579649834,donor
a,IGTB826,music_weighted,60,ratio4,5.043887185298334,donor
a,IGTB826,music_weighted,60,ratio10,5.4213808892115045,donor
a,IGTB1966,music_weighted,60,balanced,7.858165693467263,donor
a,IGTB1966,music_weighted,60,ratio2,7.921205888467407,donor
a,IGTB1966,music_weighted,60,ratio4,7.858401317788885,donor
a,IGTB1966,music_weighted,60,ratio10,8.082167701649714,donor
a,IGTB498,music_weighted,60,balanced,4.790324798323665,donor
a,IGTB498,music_weighted,60,ratio2,4.858137093199517,donor
a,IGTB498,music_weighted,60,ratio4,5.006193615745932,donor
a,IGTB498,music_weighted,60,ratio10,5.480697372388814,donor
a,mean,music_weighted,60,balanced,5.289662575002408,mean
a,mean,music_weighted,60,ratio2,5.350504968820522,mean
a,mean,music_weighted,60,ratio4,5.480061226020801,mean
a,mean,music_weighted,60,ratio10,5.91085848513828,mean
b,HC-502,music_weighted,120,balanced,4.445394809207151,donor
b,HC-502,music_weighted,120,ratio2,4.477602095960391,donor
b,HC-502,music_weighted,120,ratio4,4.526811497541642,donor
b,HC-502,music_weighted,120,ratio10,4.9291575278427775,donor
b,IGTB256,music_weighted,120,balanced,4.204118678688959,donor
b,IGTB256,music_weighted,120,ratio2,4.263851369755886,donor
b,IGTB256,music_weighted,120,ratio4,4.359689080434918,donor
b,IGTB256,music_weighted,120,ratio10,4.662519048585713,donor
b,IGTB514,music_weighted,120,balanced,3.9361594126770263,donor
b,IGTB514,music_weighted,120,ratio2,4.029751235434579,donor
b,IGTB514,music_weighted,120,ratio4,4.186596692625603,donor
b,IGTB514,music_weighted,120,ratio10,4.593270701891313,donor
b,IGTB1506,music_weighted,120,balanced,5.120948418235236,donor
b,IGTB1506,music_weighted,120,ratio2,5.127221491270521,donor
b,IGTB1506,music_weighted,120,ratio4,5.040471146155997,donor
b,IGTB1506,music_weighted,120,ratio10,5.215362516875506,donor
b,IGTB508,music_weighted,120,balanced,4.303631115212965,donor
b,IGTB508,music_weighted,120,ratio2,4.36113931231169,donor
b,IGTB508,music_weighted,120,ratio4,4.43200213340648,donor
b,IGTB508,music_weighted,120,ratio10,4.7096472783780685,donor
b,IGTB1650,music_weighted,120,balanced,4.34319000127657,donor
b,IGTB1650,music_weighted,120,ratio2,4.442833066940696,donor
b,IGTB1650,music_weighted,120,ratio4,4.489465382393608,donor
b,IGTB1650,music_weighted,120,ratio10,4.860409227632309,donor
b,IGTB195,music_weighted,120,balanced,4.695906326829421,donor
b,IGTB195,music_weighted,120,ratio2,4.655770394283692,donor
b,IGTB195,music_weighted,120,ratio4,4.63544991493247,donor
b,IGTB195,music_weighted,120,ratio10,4.976242678574859,donor
b,IGTB1913,music_weighted,120,balanced,4.5120955538593,donor
b,IGTB1913,music_weighted,120,ratio2,4.624451705784715,donor
b,IGTB1913,music_weighted,120,ratio4,4.8078750195598445,donor
b,IGTB1913,music_weighted,120,ratio10,5.23384705734373,donor
b,HC-572,music_weighted,120,balanced,6.379255394637893,donor
b,HC-572,music_weighted,120,ratio2,6.378241478840994,donor
b,HC-572,music_weighted,120,ratio4,6.394412588489924,donor
b,HC-572,music_weighted,120,ratio10,6.370616280725859,donor
b,HC-014,music_weighted,120,balanced,8.470092825374596,donor
b,HC-014,music_weighted,120,ratio2,8.426027044276807,donor
b,HC-014,music_weighted,120,ratio4,8.357618445484599,donor
b,HC-014,music_weighted,120,ratio10,8.124389314015827,donor
b,IGTB1921,music_weighted,120,balanced,4.451599712766716,donor
b,IGTB1921,music_weighted,120,ratio2,4.514905546077148,donor
b,IGTB1921,music_weighted,120,ratio4,4.467045507180096,donor
b,IGTB1921,music_weighted,120,ratio10,4.753391236713576,donor
b,IGTB826,music_weighted,120,balanced,5.115250639057789,donor
b,IGTB826,music_weighted,120,ratio2,5.13793018264155,donor
b,IGTB826,music_weighted,120,ratio4,5.08256759400446,donor
b,IGTB826,music_weighted,120,ratio10,5.067662738622479,donor
b,IGTB1966,music_weighted,120,balanced,7.951213791729598,donor
b,IGTB1966,music_weighted,120,ratio2,7.996104766115419,donor
b,IGTB1966,music_weighted,120,ratio4,7.925222963870732,donor
b,IGTB1966,music_weighted,120,ratio10,7.864306794152169,donor
b,IGTB498,music_weighted,120,balanced,4.565737460752225,donor
b,IGTB498,music_weighted,120,ratio2,4.637206939649378,donor
b,IGTB498,music_weighted,120,ratio4,4.7243621257367385,donor
b,IGTB498,music_weighted,120,ratio10,4.991179061294101,donor
b,mean,music_weighted,120,balanced,5.178185295736104,mean
b,mean,music_weighted,120,ratio2,5.219502616381676,mean
b,mean,music_weighted,120,ratio4,5.24497072084408,mean
b,mean,music_weighted,120,ratio10,5.453714390189163,mean
c,HC-502,music_weighted,300,balanced,4.482855491529794,donor
c,HC-502,music_weighted,300,ratio2,4.477648453545318,donor
c,HC-502,music_weighted,300,ratio4,4.407110845934285,donor
c,HC-502,music_weighted,300,ratio10,4.4354929288365454,donor
c,IGTB256,music_weighted,300,balanced,4.289597258533679,donor
c,IGTB256,music_weighted,300,ratio2,4.298651628366831,donor
c,IGTB256,music_weighted,300,ratio4,4.212338624116814,donor
c,IGTB256,music_weighted,300,ratio10,4.276918834487289,donor
c,IGTB514,music_weighted,300,balanced,3.719334346336023,donor
c,IGTB514,music_weighted,300,ratio2,3.754174630339112,donor
c,IGTB514,music_weighted,300,ratio4,3.8131182031467783,donor
c,IGTB514,music_weighted,300,ratio10,4.089527346901003,donor
c,IGTB1506,music_weighted,300,balanced,5.468351049177586,donor
c,IGTB1506,music_weighted,300,ratio2,5.399254935658301,donor
c,IGTB1506,music_weighted,300,ratio4,5.288777813465749,donor
c,IGTB1506,music_weighted,300,ratio10,5.080003525362325,donor
c,IGTB508,music_weighted,300,balanced,4.268743436726793,donor
c,IGTB508,music_weighted,300,ratio2,4.2682721605970055,donor
c,IGTB508,music_weighted,300,ratio4,4.222783256581058,donor
c,IGTB508,music_weighted,300,ratio10,4.317982103510204,donor
c,IGTB1650,music_weighted,300,balanced,4.221239621209599,donor
c,IGTB1650,music_weighted,300,ratio2,4.235947066094568,donor
c,IGTB1650,music_weighted,300,ratio4,4.320164462119554,donor
c,IGTB1650,music_weighted,300,ratio10,4.464198722929996,donor
c,IGTB195,music_weighted,300,balanced,4.846399878032055,donor
c,IGTB195,music_weighted,300,ratio2,4.837252536685761,donor
c,IGTB195,music_weighted,300,ratio4,4.796365223940689,donor
c,IGTB195,music_weighted,300,ratio10,4.643243931432253,donor
c,IGTB1913,music_weighted,300,balanced,4.200971937788269,donor
c,IGTB1913,music_weighted,300,ratio2,4.254009833045681,donor
c,IGTB1913,music_weighted,300,ratio4,4.340940537261472,donor
c,IGTB1913,music_weighted,300,ratio10,4.644263276291075,donor
c,HC-572,music_weighted,300,balanced,6.451294369105709,donor
c,HC-572,music_weighted,300,ratio2,6.459791875482422,donor
c,HC-572,music_weighted,300,ratio4,6.343903357372699,donor
c,HC-572,music_weighted,300,ratio10,6.321369105006461,donor
c,HC-014,music_weighted,300,balanced,8.5968761384927,donor
c,HC-014,music_weighted,300,ratio2,8.580162536296532,donor
c,HC-014,music_weighted,300,ratio4,8.474234440922714,donor
c,HC-014,music_weighted,300,ratio10,8.380873803540458,donor
c,IGTB1921,music_weighted,300,balanced,4.733485313700996,donor
c,IGTB1921,music_weighted,300,ratio2,4.723433198714309,donor
c,IGTB1921,music_weighted,300,ratio4,4.700608269035151,donor
c,IGTB1921,music_weighted,300,ratio10,4.54266817832541,donor
c,IGTB826,music_weighted,300,balanced,5.8863067260910045,donor
c,IGTB826,music_weighted,300,ratio2,5.843250060352788,donor
c,IGTB826,music_weighted,300,ratio4,5.546642179258007,donor
c,IGTB826,music_weighted,300,ratio10,5.180068883975214,donor
c,IGTB1966,music_weighted,300,balanced,7.998033044125496,donor
c,IGTB1966,music_weighted,300,ratio2,8.071935272271663,donor
c,IGTB1966,music_weighted,300,ratio4,8.034652012488598,donor
c,IGTB1966,music_weighted,300,ratio10,7.924734774106461,donor
c,IGTB498,music_weighted,300,balanced,4.760768536106112,donor
c,IGTB498,music_weighted,300,ratio2,4.726273095683855,donor
c,IGTB498,music_weighted,300,ratio4,4.670145254516445,donor
c,IGTB498,music_weighted,300,ratio10,4.698986827346364,donor
c,mean,music_weighted,300,balanced,5.280304081925415,mean
c,mean,music_weighted,300,ratio2,5.280718377366725,mean
c,mean,music_weighted,300,ratio4,5.226556034297144,mean
c,mean,music_weighted,300,ratio10,5.21430944586079,mean
d,HC-502,music_nnls,60,balanced,10.272295309195556,donor
d,HC-502,music_nnls,60,ratio2,10.40936296468537,donor
d,HC-502,music_nnls,60,ratio4,10.801497158337318,donor
d,HC-502,music_nnls,60,ratio10,10.979850718608573,donor
d,IGTB256,music_nnls,60,balanced,6.181604248332802,donor
d,IGTB256,music_nnls,60,ratio2,6.053644194843146,donor
d,IGTB256,music_nnls,60,ratio4,6.224232387295705,donor
d,IGTB256,music_nnls,60,ratio10,6.55129421221405,donor
d,IGTB514,music_nnls,60,balanced,6.247049647649068,donor
d,IGTB514,music_nnls,60,ratio2,6.321409893170352,donor
d,IGTB514,music_nnls,60,ratio4,6.442741067621257,donor
d,IGTB514,music_nnls,60,ratio10,6.537317753783695,donor
d,IGTB1506,music_nnls,60,balanced,7.471861886988058,donor
d,IGTB1506,music_nnls,60,ratio2,7.550644004198697,donor
d,IGTB1506,music_nnls,60,ratio4,7.5064580494866755,donor
d,IGTB1506,music_nnls,60,ratio10,7.423317592052847,donor
d,IGTB508,music_nnls,60,balanced,6.653749412368011,donor
d,IGTB508,music_nnls,60,ratio2,6.791154765201603,donor
d,IGTB508,music_nnls,60,ratio4,6.532350751756299,donor
d,IGTB508,music_nnls,60,ratio10,6.850589326216537,donor
d,IGTB1650,music_nnls,60,balanced,9.975933355894822,donor
d,IGTB1650,music_nnls,60,ratio2,10.066329183802068,donor
d,IGTB1650,music_nnls,60,ratio4,10.018140941232748,donor
d,IGTB1650,music_nnls,60,ratio10,10.08043868060298,donor
d,IGTB195,music_nnls,60,balanced,8.481462258796542,donor
d,IGTB195,music_nnls,60,ratio2,8.651427699151354,donor
d,IGTB195,music_nnls,60,ratio4,8.710132936082026,donor
d,IGTB195,music_nnls,60,ratio10,8.91147949583813,donor
d,IGTB1913,music_nnls,60,balanced,9.33082558457492,donor
d,IGTB1913,music_nnls,60,ratio2,9.372163888953736,donor
d,IGTB1913,music_nnls,60,ratio4,9.309628074248126,donor
d,IGTB1913,music_nnls,60,ratio10,9.358196051581842,donor
d,HC-572,music_nnls,60,balanced,11.466264576862669,donor
d,HC-572,music_nnls,60,ratio2,11.268811431783202,donor
d,HC-572,music_nnls,60,ratio4,11.26687513341474,donor
d,HC-572,music_nnls,60,ratio10,11.059070605143193,donor
d,HC-014,music_nnls,60,balanced,11.598413138871075,donor
d,HC-014,music_nnls,60,ratio2,11.709927686359991,donor
d,HC-014,music_nnls,60,ratio4,11.701828068342031,donor
d,HC-014,music_nnls,60,ratio10,11.87423685885021,donor
d,IGTB1921,music_nnls,60,balanced,6.917104669870008,donor
d,IGTB1921,music_nnls,60,ratio2,7.052204579027451,donor
d,IGTB1921,music_nnls,60,ratio4,7.115469378679987,donor
d,IGTB1921,music_nnls,60,ratio10,7.04459189141133,donor
d,IGTB826,music_nnls,60,balanced,7.498396184782328,donor
d,IGTB826,music_nnls,60,ratio2,7.238595406745649,donor
d,IGTB826,music_nnls,60,ratio4,7.26573788490885,donor
d,IGTB826,music_nnls,60,ratio10,7.144759333829331,donor
d,IGTB1966,music_nnls,60,balanced,10.948234486441915,donor
d,IGTB1966,music_nnls,60,ratio2,10.97938264168423,donor
d,IGTB1966,music_nnls,60,ratio4,10.733654812510055,donor
d,IGTB1966,music_nnls,60,ratio10,10.882419884066412,donor
d,IGTB498,music_nnls,60,balanced,6.686134611386655,donor
d,IGTB498,music_nnls,60,ratio2,6.981236755374622,donor
d,IGTB498,music_nnls,60,ratio4,7.038519877673978,donor
d,IGTB498,music_nnls,60,ratio10,7.376529090445282,donor
d,mean,music_nnls,60,balanced,8.552094955143888,mean
d,mean,music_nnls,60,ratio2,8.603306792498676,mean
d,mean,music_nnls,60,ratio4,8.619090465827842,mean
d,mean,music_nnls,60,ratio10,8.719577963903172,mean
e,HC-502,music_nnls,120,balanced,10.430278500111111,donor
e,HC-502,music_nnls,120,ratio2,10.443882399223709,donor
e,HC-502,music_nnls,120,ratio4,10.404808437424126,donor
e,HC-502,music_nnls,120,ratio10,10.76422651749934,donor
e,IGTB256,music_nnls,120,balanced,5.961864671921209,donor
e,IGTB256,music_nnls,120,ratio2,5.99354331518135,donor
e,IGTB256,music_nnls,120,ratio4,6.123123127192447,donor
e,IGTB256,music_nnls,120,ratio10,6.247369242646371,donor
e,IGTB514,music_nnls,120,balanced,5.87723956149511,donor
e,IGTB514,music_nnls,120,ratio2,6.055241821425247,donor
e,IGTB514,music_nnls,120,ratio4,6.100319907737664,donor
e,IGTB514,music_nnls,120,ratio10,6.4869527688782735,donor
e,IGTB1506,music_nnls,120,balanced,7.69606360239881,donor
e,IGTB1506,music_nnls,120,ratio2,7.717063052612929,donor
e,IGTB1506,music_nnls,120,ratio4,7.590208219730077,donor
e,IGTB1506,music_nnls,120,ratio10,7.620898046623767,donor
e,IGTB508,music_nnls,120,balanced,6.592124325674341,donor
e,IGTB508,music_nnls,120,ratio2,6.652554659762221,donor
e,IGTB508,music_nnls,120,ratio4,6.649546595322962,donor
e,IGTB508,music_nnls,120,ratio10,6.555237227396825,donor
e,IGTB1650,music_nnls,120,balanced,10.118677507117251,donor
e,IGTB1650,music_nnls,120,ratio2,10.168496002640664,donor
e,IGTB1650,music_nnls,120,ratio4,10.022749501266356,donor
e,IGTB1650,music_nnls,120,ratio10,10.160864432604512,donor
e,IGTB195,music_nnls,120,balanced,9.029431507506755,donor
e,IGTB195,music_nnls,120,ratio2,8.771815062680142,donor
e,IGTB195,music_nnls,120,ratio4,8.483092899176347,donor
e,IGTB195,music_nnls,120,ratio10,8.611955701848162,donor
e,IGTB1913,music_nnls,120,balanced,9.165824967398288,donor
e,IGTB1913,music_nnls,120,ratio2,9.311274154649158,donor
e,IGTB1913,music_nnls,120,ratio4,9.34971544345999,donor
e,IGTB1913,music_nnls,120,ratio10,9.30089583120591,donor
e,HC-572,music_nnls,120,balanced,11.959117339036364,donor
e,HC-572,music_nnls,120,ratio2,11.73687594640172,donor
e,HC-572,music_nnls,120,ratio4,11.575208604630532,donor
e,HC-572,music_nnls,120,ratio10,11.291540215790008,donor
e,HC-014,music_nnls,120,balanced,11.837684618099102,donor
e,HC-014,music_nnls,120,ratio2,11.800923209724372,donor
e,HC-014,music_nnls,120,ratio4,11.889253204590174,donor
e,HC-014,music_nnls,120,ratio10,11.779944948367737,donor
e,IGTB1921,music_nnls,120,balanced,6.798951165824828,donor
e,IGTB1921,music_nnls,120,ratio2,6.78072976285101,donor
e,IGTB1921,music_nnls,120,ratio4,6.794651800198311,donor
e,IGTB1921,music_nnls,120,ratio10,7.140709784580576,donor
e,IGTB826,music_nnls,120,balanced,7.503213364661009,donor
e,IGTB826,music_nnls,120,ratio2,7.529843257919293,donor
e,IGTB826,music_nnls,120,ratio4,7.581022442425775,donor
e,IGTB826,music_nnls,120,ratio10,7.3813840841898255,donor
e,IGTB1966,music_nnls,120,balanced,11.0202397728689,donor
e,IGTB1966,music_nnls,120,ratio2,11.260253415055343,donor
e,IGTB1966,music_nnls,120,ratio4,10.944027549752978,donor
e,IGTB1966,music_nnls,120,ratio10,10.751238578178544,donor
e,IGTB498,music_nnls,120,balanced,6.270309408314137,donor
e,IGTB498,music_nnls,120,ratio2,6.517258991433804,donor
e,IGTB498,music_nnls,120,ratio4,6.72487673906844,donor
e,IGTB498,music_nnls,120,ratio10,7.0924458283383975,donor
e,mean,music_nnls,120,balanced,8.590072879459088,mean
e,mean,music_nnls,120,ratio2,8.62426821796864,mean
e,mean,music_nnls,120,ratio4,8.588043176569728,mean
e,mean,music_nnls,120,ratio10,8.656118800582018,mean
f,HC-502,music_nnls,300,balanced,10.32204813997024,donor
f,HC-502,music_nnls,300,ratio2,10.426616428243587,donor
f,HC-502,music_nnls,300,ratio4,10.418397159991306,donor
f,HC-502,music_nnls,300,ratio10,10.299364299040738,donor
f,IGTB256,music_nnls,300,balanced,6.022850961940342,donor
f,IGTB256,music_nnls,300,ratio2,6.008745111077637,donor
f,IGTB256,music_nnls,300,ratio4,5.84526050199938,donor
f,IGTB256,music_nnls,300,ratio10,6.072376130998259,donor
f,IGTB514,music_nnls,300,balanced,5.93402924508453,donor
f,IGTB514,music_nnls,300,ratio2,5.978770970501595,donor
f,IGTB514,music_nnls,300,ratio4,6.068363068091039,donor
f,IGTB514,music_nnls,300,ratio10,6.278219000489572,donor
f,IGTB1506,music_nnls,300,balanced,8.182367874541725,donor
f,IGTB1506,music_nnls,300,ratio2,8.030849459461347,donor
f,IGTB1506,music_nnls,300,ratio4,7.910904695409366,donor
f,IGTB1506,music_nnls,300,ratio10,7.89586130378351,donor
f,IGTB508,music_nnls,300,balanced,6.627724268944463,donor
f,IGTB508,music_nnls,300,ratio2,6.691371672326098,donor
f,IGTB508,music_nnls,300,ratio4,6.578256626042181,donor
f,IGTB508,music_nnls,300,ratio10,6.683084155471176,donor
f,IGTB1650,music_nnls,300,balanced,10.13356188468184,donor
f,IGTB1650,music_nnls,300,ratio2,10.11284703267202,donor
f,IGTB1650,music_nnls,300,ratio4,10.146338820118284,donor
f,IGTB1650,music_nnls,300,ratio10,10.170815320354356,donor
f,IGTB195,music_nnls,300,balanced,8.794750070416747,donor
f,IGTB195,music_nnls,300,ratio2,8.862065105220385,donor
f,IGTB195,music_nnls,300,ratio4,9.009416917193803,donor
f,IGTB195,music_nnls,300,ratio10,8.586512136915061,donor
f,IGTB1913,music_nnls,300,balanced,9.398793912154424,donor
f,IGTB1913,music_nnls,300,ratio2,9.390226466585942,donor
f,IGTB1913,music_nnls,300,ratio4,9.34239568867301,donor
f,IGTB1913,music_nnls,300,ratio10,9.461482609312243,donor
f,HC-572,music_nnls,300,balanced,11.897318835954543,donor
f,HC-572,music_nnls,300,ratio2,11.969535262591794,donor
f,HC-572,music_nnls,300,ratio4,11.92911430471786,donor
f,HC-572,music_nnls,300,ratio10,11.46745162260563,donor
f,HC-014,music_nnls,300,balanced,11.849064168776186,donor
f,HC-014,music_nnls,300,ratio2,11.88815706580346,donor
f,HC-014,music_nnls,300,ratio4,11.773250592855046,donor
f,HC-014,music_nnls,300,ratio10,11.740605623305928,donor
f,IGTB1921,music_nnls,300,balanced,7.139272169759355,donor
f,IGTB1921,music_nnls,300,ratio2,7.107568680005456,donor
f,IGTB1921,music_nnls,300,ratio4,7.252213816079316,donor
f,IGTB1921,music_nnls,300,ratio10,6.969812462166802,donor
f,IGTB826,music_nnls,300,balanced,7.830154996027829,donor
f,IGTB826,music_nnls,300,ratio2,7.840722853576668,donor
f,IGTB826,music_nnls,300,ratio4,7.613428316366994,donor
f,IGTB826,music_nnls,300,ratio10,7.627520236611235,donor
f,IGTB1966,music_nnls,300,balanced,10.926004643854078,donor
f,IGTB1966,music_nnls,300,ratio2,11.018794077972723,donor
f,IGTB1966,music_nnls,300,ratio4,11.044719728365706,donor
f,IGTB1966,music_nnls,300,ratio10,11.235621765284227,donor
f,IGTB498,music_nnls,300,balanced,6.5196605211515966,donor
f,IGTB498,music_nnls,300,ratio2,6.460326043540292,donor
f,IGTB498,music_nnls,300,ratio4,6.484480578444964,donor
f,IGTB498,music_nnls,300,ratio10,6.6682308966496215,donor
f,mean,music_nnls,300,balanced,8.684114406661278,mean
f,mean,music_nnls,300,ratio2,8.699042587827071,mean
f,mean,music_nnls,300,ratio4,8.672610058167733,mean
f,mean,music_nnls,300,ratio10,8.654068397356312,mean
