panel,series,donor,x,metric,value_raw,display_scale,value_plotted
a,individual_donor,HC-014,5,theta_variance_trace,0.00026675476358276664,1.0,0.00026675476358276664
a,individual_donor,HC-014,10,theta_variance_trace,0.00018122732762702312,1.0,0.00018122732762702312
a,individual_donor,HC-014,25,theta_variance_trace,4.476935214468144e-05,1.0,4.476935214468144e-05
a,individual_donor,HC-502,5,theta_variance_trace,0.00027912592874506666,1.0,0.00027912592874506666
a,individual_donor,HC-502,10,theta_variance_trace,0.00012180072868937461,1.0,0.00012180072868937461
a,individual_donor,HC-502,25,theta_variance_trace,4.504482461564584e-05,1.0,4.504482461564584e-05
a,individual_donor,HC-572,5,theta_variance_trace,0.0002440876182118667,1.0,0.0002440876182118667
a,individual_donor,HC-572,10,theta_variance_trace,0.00012306389763636465,1.0,0.00012306389763636465
a,individual_donor,HC-572,25,theta_variance_trace,4.486281321780712e-05,1.0,4.486281321780712e-05
a,individual_donor,IGTB1506,5,theta_variance_trace,0.0003075493978274833,1.0,0.0003075493978274833
a,individual_donor,IGTB1506,10,theta_variance_trace,0.00015639256676647947,1.0,0.00015639256676647947
a,individual_donor,IGTB1506,25,theta_variance_trace,4.664467839223814e-05,1.0,4.664467839223814e-05
a,individual_donor,IGTB1650,5,theta_variance_trace,0.00018526060290318335,1.0,0.00018526060290318335
a,individual_donor,IGTB1650,10,theta_variance_trace,0.00011588958366185261,1.0,0.00011588958366185261
a,individual_donor,IGTB1650,25,theta_variance_trace,4.510155234773442e-05,1.0,4.510155234773442e-05
a,individual_donor,IGTB1913,5,theta_variance_trace,0.0001593925475046867,1.0,0.0001593925475046867
a,individual_donor,IGTB1913,10,theta_variance_trace,8.345645414390345e-05,1.0,8.345645414390345e-05
a,individual_donor,IGTB1913,25,theta_variance_trace,3.386799892229204e-05,1.0,3.386799892229204e-05
a,individual_donor,IGTB1921,5,theta_variance_trace,0.00016967351425196668,1.0,0.00016967351425196668
a,individual_donor,IGTB1921,10,theta_variance_trace,9.495278070381099e-05,1.0,9.495278070381099e-05
a,individual_donor,IGTB1921,25,theta_variance_trace,3.408314735684874e-05,1.0,3.408314735684874e-05
a,individual_donor,IGTB195,5,theta_variance_trace,0.00024112792936834644,1.0,0.00024112792936834644
a,individual_donor,IGTB195,10,theta_variance_trace,0.00013332321600542389,1.0,0.00013332321600542389
a,individual_donor,IGTB195,25,theta_variance_trace,4.5151737985824606e-05,1.0,4.5151737985824606e-05
a,individual_donor,IGTB1966,5,theta_variance_trace,0.00022285821359858908,1.0,0.00022285821359858908
a,individual_donor,IGTB1966,10,theta_variance_trace,8.737809168699674e-05,1.0,8.737809168699674e-05
a,individual_donor,IGTB1966,25,theta_variance_trace,4.3843949620655575e-05,1.0,4.3843949620655575e-05
a,individual_donor,IGTB256,5,theta_variance_trace,0.0002812194533993667,1.0,0.0002812194533993667
a,individual_donor,IGTB256,10,theta_variance_trace,0.00017906082252123337,1.0,0.00017906082252123337
a,individual_donor,IGTB256,25,theta_variance_trace,6.154899998145653e-05,1.0,6.154899998145653e-05
a,individual_donor,IGTB498,5,theta_variance_trace,0.00026996099288256666,1.0,0.00026996099288256666
a,individual_donor,IGTB498,10,theta_variance_trace,0.00018802592801551773,1.0,0.00018802592801551773
a,individual_donor,IGTB498,25,theta_variance_trace,7.580420922695753e-05,1.0,7.580420922695753e-05
a,individual_donor,IGTB508,5,theta_variance_trace,0.00022569080178511667,1.0,0.00022569080178511667
a,individual_donor,IGTB508,10,theta_variance_trace,9.124729965818947e-05,1.0,9.124729965818947e-05
a,individual_donor,IGTB508,25,theta_variance_trace,3.9930048632395514e-05,1.0,3.9930048632395514e-05
a,individual_donor,IGTB514,5,theta_variance_trace,0.0002733227560987043,1.0,0.0002733227560987043
a,individual_donor,IGTB514,10,theta_variance_trace,0.00015883741484072636,1.0,0.00015883741484072636
a,individual_donor,IGTB514,25,theta_variance_trace,6.350964837426607e-05,1.0,6.350964837426607e-05
a,individual_donor,IGTB826,5,theta_variance_trace,0.00017677628914773333,1.0,0.00017677628914773333
a,individual_donor,IGTB826,10,theta_variance_trace,9.231489333174291e-05,1.0,9.231489333174291e-05
a,individual_donor,IGTB826,25,theta_variance_trace,5.033975020575182e-05,1.0,5.033975020575182e-05
a,equal_donor_mean,all_14,5,theta_variance_trace,0.00023591434352196022,1.0,0.00023591434352196022
a,equal_donor_mean,all_14,10,theta_variance_trace,0.00012906935752061714,1.0,0.00012906935752061714
a,equal_donor_mean,all_14,25,theta_variance_trace,4.817876507318253e-05,1.0,4.817876507318253e-05
b,individual_donor,HC-014,60,sigma_trace_contrast,0.00010413035416628311,1000000.0,104.13035416628311
b,individual_donor,HC-014,120,sigma_trace_contrast,5.561191782065394e-05,1000000.0,55.611917820653936
b,individual_donor,HC-014,300,sigma_trace_contrast,2.5704889719192845e-05,1000000.0,25.704889719192845
b,individual_donor,HC-502,60,sigma_trace_contrast,0.0001080770185918989,1000000.0,108.07701859189889
b,individual_donor,HC-502,120,sigma_trace_contrast,6.0019374819506916e-05,1000000.0,60.019374819506915
b,individual_donor,HC-502,300,sigma_trace_contrast,1.8336663614939607e-05,1000000.0,18.336663614939607
b,individual_donor,HC-572,60,sigma_trace_contrast,0.00011779090731963389,1000000.0,117.79090731963389
b,individual_donor,HC-572,120,sigma_trace_contrast,6.367633751082267e-05,1000000.0,63.67633751082267
b,individual_donor,HC-572,300,sigma_trace_contrast,2.4059225190831712e-05,1000000.0,24.05922519083171
b,individual_donor,IGTB1506,60,sigma_trace_contrast,0.00010493793352228683,1000000.0,104.93793352228683
b,individual_donor,IGTB1506,120,sigma_trace_contrast,5.615436879101736e-05,1000000.0,56.15436879101736
b,individual_donor,IGTB1506,300,sigma_trace_contrast,2.2902324054744852e-05,1000000.0,22.902324054744852
b,individual_donor,IGTB1650,60,sigma_trace_contrast,0.00011729377363033809,1000000.0,117.29377363033808
b,individual_donor,IGTB1650,120,sigma_trace_contrast,6.500361521774083e-05,1000000.0,65.00361521774083
b,individual_donor,IGTB1650,300,sigma_trace_contrast,2.1424543057843005e-05,1000000.0,21.424543057843003
b,individual_donor,IGTB1913,60,sigma_trace_contrast,0.00010413258091795831,1000000.0,104.13258091795831
b,individual_donor,IGTB1913,120,sigma_trace_contrast,5.53613928528882e-05,1000000.0,55.3613928528882
b,individual_donor,IGTB1913,300,sigma_trace_contrast,2.5492481471942474e-05,1000000.0,25.492481471942472
b,individual_donor,IGTB1921,60,sigma_trace_contrast,0.00010096030984390415,1000000.0,100.96030984390416
b,individual_donor,IGTB1921,120,sigma_trace_contrast,5.295759721411903e-05,1000000.0,52.957597214119026
b,individual_donor,IGTB1921,300,sigma_trace_contrast,2.5524037276301784e-05,1000000.0,25.524037276301783
b,individual_donor,IGTB195,60,sigma_trace_contrast,0.0001078072966074146,1000000.0,107.8072966074146
b,individual_donor,IGTB195,120,sigma_trace_contrast,5.7790565164335606e-05,1000000.0,57.790565164335604
b,individual_donor,IGTB195,300,sigma_trace_contrast,2.2258600903031946e-05,1000000.0,22.258600903031947
b,individual_donor,IGTB1966,60,sigma_trace_contrast,0.00011807840406580084,1000000.0,118.07840406580084
b,individual_donor,IGTB1966,120,sigma_trace_contrast,6.16367888703883e-05,1000000.0,61.6367888703883
b,individual_donor,IGTB1966,300,sigma_trace_contrast,2.3340120737129553e-05,1000000.0,23.340120737129553
b,individual_donor,IGTB256,60,sigma_trace_contrast,0.00010583127375776178,1000000.0,105.83127375776178
b,individual_donor,IGTB256,120,sigma_trace_contrast,6.043881990950963e-05,1000000.0,60.43881990950963
b,individual_donor,IGTB256,300,sigma_trace_contrast,1.80399402317767e-05,1000000.0,18.0399402317767
b,individual_donor,IGTB498,60,sigma_trace_contrast,0.00011067338485411566,1000000.0,110.67338485411565
b,individual_donor,IGTB498,120,sigma_trace_contrast,5.634259231297448e-05,1000000.0,56.34259231297448
b,individual_donor,IGTB498,300,sigma_trace_contrast,2.1063031597468214e-05,1000000.0,21.063031597468214
b,individual_donor,IGTB508,60,sigma_trace_contrast,0.00010357963205033764,1000000.0,103.57963205033764
b,individual_donor,IGTB508,120,sigma_trace_contrast,6.003154277386573e-05,1000000.0,60.03154277386573
b,individual_donor,IGTB508,300,sigma_trace_contrast,2.6435869647550726e-05,1000000.0,26.435869647550724
b,individual_donor,IGTB514,60,sigma_trace_contrast,0.00011179648468487267,1000000.0,111.79648468487267
b,individual_donor,IGTB514,120,sigma_trace_contrast,5.675594408876358e-05,1000000.0,56.755944088763584
b,individual_donor,IGTB514,300,sigma_trace_contrast,1.7954954946916327e-05,1000000.0,17.954954946916327
b,individual_donor,IGTB826,60,sigma_trace_contrast,0.00012109075231511887,1000000.0,121.09075231511888
b,individual_donor,IGTB826,120,sigma_trace_contrast,6.39554435370174e-05,1000000.0,63.955443537017395
b,individual_donor,IGTB826,300,sigma_trace_contrast,2.328226218373356e-05,1000000.0,23.28226218373356
b,equal_donor_mean,all_14,60,sigma_trace_contrast,0.00010972715045198038,1000000.0,109.72715045198038
b,equal_donor_mean,all_14,120,sigma_trace_contrast,5.898116434882885e-05,1000000.0,58.98116434882885
b,equal_donor_mean,all_14,300,sigma_trace_contrast,2.2558496045243096e-05,1000000.0,22.558496045243096
c,individual_donor,HC-014,60,normalized_weight_tv_intersection,0.42930736436980693,1.0,0.42930736436980693
c,individual_donor,HC-014,120,normalized_weight_tv_intersection,0.37110089444576727,1.0,0.37110089444576727
c,individual_donor,HC-014,300,normalized_weight_tv_intersection,0.3143431376794428,1.0,0.3143431376794428
c,individual_donor,HC-502,60,normalized_weight_tv_intersection,0.44397131962301756,1.0,0.44397131962301756
c,individual_donor,HC-502,120,normalized_weight_tv_intersection,0.3787798662193049,1.0,0.3787798662193049
c,individual_donor,HC-502,300,normalized_weight_tv_intersection,0.3070360527410475,1.0,0.3070360527410475
c,individual_donor,HC-572,60,normalized_weight_tv_intersection,0.4199831443838532,1.0,0.4199831443838532
c,individual_donor,HC-572,120,normalized_weight_tv_intersection,0.35950296907737256,1.0,0.35950296907737256
c,individual_donor,HC-572,300,normalized_weight_tv_intersection,0.28032478826525725,1.0,0.28032478826525725
c,individual_donor,IGTB1506,60,normalized_weight_tv_intersection,0.38224334823988765,1.0,0.38224334823988765
c,individual_donor,IGTB1506,120,normalized_weight_tv_intersection,0.3268753198053692,1.0,0.3268753198053692
c,individual_donor,IGTB1506,300,normalized_weight_tv_intersection,0.2952273078481769,1.0,0.2952273078481769
c,individual_donor,IGTB1650,60,normalized_weight_tv_intersection,0.41162744819808034,1.0,0.41162744819808034
c,individual_donor,IGTB1650,120,normalized_weight_tv_intersection,0.3333591328345585,1.0,0.3333591328345585
c,individual_donor,IGTB1650,300,normalized_weight_tv_intersection,0.2685772668934719,1.0,0.2685772668934719
c,individual_donor,IGTB1913,60,normalized_weight_tv_intersection,0.400837114659991,1.0,0.400837114659991
c,individual_donor,IGTB1913,120,normalized_weight_tv_intersection,0.3415380866015885,1.0,0.3415380866015885
c,individual_donor,IGTB1913,300,normalized_weight_tv_intersection,0.26421665483849505,1.0,0.26421665483849505
c,individual_donor,IGTB1921,60,normalized_weight_tv_intersection,0.3673954614678743,1.0,0.3673954614678743
c,individual_donor,IGTB1921,120,normalized_weight_tv_intersection,0.3091478887044579,1.0,0.3091478887044579
c,individual_donor,IGTB1921,300,normalized_weight_tv_intersection,0.27394613369767506,1.0,0.27394613369767506
c,individual_donor,IGTB195,60,normalized_weight_tv_intersection,0.4494808058413093,1.0,0.4494808058413093
c,individual_donor,IGTB195,120,normalized_weight_tv_intersection,0.3622529869573228,1.0,0.3622529869573228
c,individual_donor,IGTB195,300,normalized_weight_tv_intersection,0.29557338073752915,1.0,0.29557338073752915
c,individual_donor,IGTB1966,60,normalized_weight_tv_intersection,0.3706400035591009,1.0,0.3706400035591009
c,individual_donor,IGTB1966,120,normalized_weight_tv_intersection,0.30995560098258973,1.0,0.30995560098258973
c,individual_donor,IGTB1966,300,normalized_weight_tv_intersection,0.2467816884889515,1.0,0.2467816884889515
c,individual_donor,IGTB256,60,normalized_weight_tv_intersection,0.3648671881244956,1.0,0.3648671881244956
c,individual_donor,IGTB256,120,normalized_weight_tv_intersection,0.33155338525437855,1.0,0.33155338525437855
c,individual_donor,IGTB256,300,normalized_weight_tv_intersection,0.3045734848496022,1.0,0.3045734848496022
c,individual_donor,IGTB498,60,normalized_weight_tv_intersection,0.39748462940000634,1.0,0.39748462940000634
c,individual_donor,IGTB498,120,normalized_weight_tv_intersection,0.36731266617558084,1.0,0.36731266617558084
c,individual_donor,IGTB498,300,normalized_weight_tv_intersection,0.29668006104987227,1.0,0.29668006104987227
c,individual_donor,IGTB508,60,normalized_weight_tv_intersection,0.40578312078101175,1.0,0.40578312078101175
c,individual_donor,IGTB508,120,normalized_weight_tv_intersection,0.3564798177552667,1.0,0.3564798177552667
c,individual_donor,IGTB508,300,normalized_weight_tv_intersection,0.29426406920951964,1.0,0.29426406920951964
c,individual_donor,IGTB514,60,normalized_weight_tv_intersection,0.41503335238000216,1.0,0.41503335238000216
c,individual_donor,IGTB514,120,normalized_weight_tv_intersection,0.3676525088172591,1.0,0.3676525088172591
c,individual_donor,IGTB514,300,normalized_weight_tv_intersection,0.2984464840367097,1.0,0.2984464840367097
c,individual_donor,IGTB826,60,normalized_weight_tv_intersection,0.3906815148179323,1.0,0.3906815148179323
c,individual_donor,IGTB826,120,normalized_weight_tv_intersection,0.32837835054236575,1.0,0.32837835054236575
c,individual_donor,IGTB826,300,normalized_weight_tv_intersection,0.2981349521206221,1.0,0.2981349521206221
c,equal_donor_mean,all_14,60,normalized_weight_tv_intersection,0.40352398684616914,1.0,0.40352398684616914
c,equal_donor_mean,all_14,120,normalized_weight_tv_intersection,0.34599210529808444,1.0,0.34599210529808444
c,equal_donor_mean,all_14,300,normalized_weight_tv_intersection,0.28843753303259806,1.0,0.28843753303259806
