panel,held_out,method,budget,value_pp,quantity,summary
a,HC-502,music_weighted,60,0.9615804917413104,strong_imbalance_penalty,donor
a,HC-502,music_weighted,120,0.4837627186356256,strong_imbalance_penalty,donor
a,HC-502,music_weighted,300,-0.0473625626932476,strong_imbalance_penalty,donor
a,IGTB256,music_weighted,60,0.8450844447991426,strong_imbalance_penalty,donor
a,IGTB256,music_weighted,120,0.4584003698967547,strong_imbalance_penalty,donor
a,IGTB256,music_weighted,300,-0.0126784240463895,strong_imbalance_penalty,donor
a,IGTB514,music_weighted,60,0.8605407608744394,strong_imbalance_penalty,donor
a,IGTB514,music_weighted,120,0.6571112892142861,strong_imbalance_penalty,donor
a,IGTB514,music_weighted,300,0.3701930005649803,strong_imbalance_penalty,donor
a,IGTB1506,music_weighted,60,0.6545349223045785,strong_imbalance_penalty,donor
a,IGTB1506,music_weighted,120,0.0944140986402703,strong_imbalance_penalty,donor
a,IGTB1506,music_weighted,300,-0.3883475238152605,strong_imbalance_penalty,donor
a,IGTB508,music_weighted,60,0.8289140233320518,strong_imbalance_penalty,donor
a,IGTB508,music_weighted,120,0.4060161631651037,strong_imbalance_penalty,donor
a,IGTB508,music_weighted,300,0.0492386667834111,strong_imbalance_penalty,donor
a,IGTB1650,music_weighted,60,0.9716130326105844,strong_imbalance_penalty,donor
a,IGTB1650,music_weighted,120,0.5172192263557399,strong_imbalance_penalty,donor
a,IGTB1650,music_weighted,300,0.2429591017203971,strong_imbalance_penalty,donor
a,IGTB195,music_weighted,60,0.7801358154044487,strong_imbalance_penalty,donor
a,IGTB195,music_weighted,120,0.280336351745438,strong_imbalance_penalty,donor
a,IGTB195,music_weighted,300,-0.2031559465998021,strong_imbalance_penalty,donor
a,IGTB1913,music_weighted,60,0.9546523205966166,strong_imbalance_penalty,donor
a,IGTB1913,music_weighted,120,0.7217515034844297,strong_imbalance_penalty,donor
a,IGTB1913,music_weighted,300,0.4432913385028053,strong_imbalance_penalty,donor
a,HC-572,music_weighted,60,0.0588356769736636,strong_imbalance_penalty,donor
a,HC-572,music_weighted,120,-0.0086391139120342,strong_imbalance_penalty,donor
a,HC-572,music_weighted,300,-0.1299252640992479,strong_imbalance_penalty,donor
a,HC-014,music_weighted,60,-0.4335418096040121,strong_imbalance_penalty,donor
a,HC-014,music_weighted,120,-0.3457035113587698,strong_imbalance_penalty,donor
a,HC-014,music_weighted,300,-0.2160023349522406,strong_imbalance_penalty,donor
a,IGTB1921,music_weighted,60,0.8545009907408848,strong_imbalance_penalty,donor
a,IGTB1921,music_weighted,120,0.3017915239468611,strong_imbalance_penalty,donor
a,IGTB1921,music_weighted,300,-0.1908171353755851,strong_imbalance_penalty,donor
a,IGTB826,music_weighted,60,0.4455174898809067,strong_imbalance_penalty,donor
a,IGTB826,music_weighted,120,-0.04758790043531,strong_imbalance_penalty,donor
a,IGTB826,music_weighted,300,-0.70623784211579,strong_imbalance_penalty,donor
a,IGTB1966,music_weighted,60,0.2240020081824531,strong_imbalance_penalty,donor
a,IGTB1966,music_weighted,120,-0.0869069975774282,strong_imbalance_penalty,donor
a,IGTB1966,music_weighted,300,-0.0732982700190358,strong_imbalance_penalty,donor
a,IGTB498,music_weighted,60,0.6903725740651491,strong_imbalance_penalty,donor
a,IGTB498,music_weighted,120,0.4254416005418759,strong_imbalance_penalty,donor
a,IGTB498,music_weighted,300,-0.0617817087597479,strong_imbalance_penalty,donor
a,mean,music_weighted,60,0.6211959101358727,strong_imbalance_penalty,mean
a,mean,music_weighted,120,0.27552909445306023,strong_imbalance_penalty,mean
a,mean,music_weighted,300,-0.06599463606462523,strong_imbalance_penalty,mean
b,HC-502,music_nnls,60,0.7075554094130161,strong_imbalance_penalty,donor
b,HC-502,music_nnls,120,0.3339480173882289,strong_imbalance_penalty,donor
b,HC-502,music_nnls,300,-0.0226838409295029,strong_imbalance_penalty,donor
b,IGTB256,music_nnls,60,0.3696899638812486,strong_imbalance_penalty,donor
b,IGTB256,music_nnls,120,0.2855045707251621,strong_imbalance_penalty,donor
b,IGTB256,music_nnls,300,0.0495251690579162,strong_imbalance_penalty,donor
b,IGTB514,music_nnls,60,0.2902681061346275,strong_imbalance_penalty,donor
b,IGTB514,music_nnls,120,0.6097132073831629,strong_imbalance_penalty,donor
b,IGTB514,music_nnls,300,0.3441897554050408,strong_imbalance_penalty,donor
b,IGTB1506,music_nnls,60,-0.0485442949352106,strong_imbalance_penalty,donor
b,IGTB1506,music_nnls,120,-0.0751655557750432,strong_imbalance_penalty,donor
b,IGTB1506,music_nnls,300,-0.2865065707582143,strong_imbalance_penalty,donor
b,IGTB508,music_nnls,60,0.1968399138485253,strong_imbalance_penalty,donor
b,IGTB508,music_nnls,120,-0.0368870982775163,strong_imbalance_penalty,donor
b,IGTB508,music_nnls,300,0.0553598865267136,strong_imbalance_penalty,donor
b,IGTB1650,music_nnls,60,0.1045053247081591,strong_imbalance_penalty,donor
b,IGTB1650,music_nnls,120,0.0421869254872606,strong_imbalance_penalty,donor
b,IGTB1650,music_nnls,300,0.0372534356725152,strong_imbalance_penalty,donor
b,IGTB195,music_nnls,60,0.4300172370415874,strong_imbalance_penalty,donor
b,IGTB195,music_nnls,120,-0.4174758056585937,strong_imbalance_penalty,donor
b,IGTB195,music_nnls,300,-0.2082379335016859,strong_imbalance_penalty,donor
b,IGTB1913,music_nnls,60,0.0273704670069204,strong_imbalance_penalty,donor
b,IGTB1913,music_nnls,120,0.1350708638076213,strong_imbalance_penalty,donor
b,IGTB1913,music_nnls,300,0.0626886971578181,strong_imbalance_penalty,donor
b,HC-572,music_nnls,60,-0.4071939717194763,strong_imbalance_penalty,donor
b,HC-572,music_nnls,120,-0.6675771232463575,strong_imbalance_penalty,donor
b,HC-572,music_nnls,300,-0.4298672133489162,strong_imbalance_penalty,donor
b,HC-014,music_nnls,60,0.2758237199791335,strong_imbalance_penalty,donor
b,HC-014,music_nnls,120,-0.0577396697313658,strong_imbalance_penalty,donor
b,HC-014,music_nnls,300,-0.1084585454702565,strong_imbalance_penalty,donor
b,IGTB1921,music_nnls,60,0.1274872215413224,strong_imbalance_penalty,donor
b,IGTB1921,music_nnls,120,0.341758618755747,strong_imbalance_penalty,donor
b,IGTB1921,music_nnls,300,-0.169459707592553,strong_imbalance_penalty,donor
b,IGTB826,music_nnls,60,-0.3536368509529967,strong_imbalance_penalty,donor
b,IGTB826,music_nnls,120,-0.121829280471184,strong_imbalance_penalty,donor
b,IGTB826,music_nnls,300,-0.202634759416594,strong_imbalance_penalty,donor
b,IGTB1966,music_nnls,60,-0.065814602375505,strong_imbalance_penalty,donor
b,IGTB1966,music_nnls,120,-0.2690011946903579,strong_imbalance_penalty,donor
b,IGTB1966,music_nnls,300,0.3096171214301487,strong_imbalance_penalty,donor
b,IGTB498,music_nnls,60,0.6903944790586266,strong_imbalance_penalty,donor
b,IGTB498,music_nnls,120,0.8221364200242602,strong_imbalance_penalty,donor
b,IGTB498,music_nnls,300,0.1485703754980241,strong_imbalance_penalty,donor
b,mean,music_nnls,60,0.16748300875928418,strong_imbalance_penalty,mean
b,mean,music_nnls,120,0.06604592112293033,strong_imbalance_penalty,mean
b,mean,music_nnls,300,-0.030046009304967574,strong_imbalance_penalty,mean
c,HC-502,music_weighted,0,-1.008943054434558,I300_minus_I60,donor
c,IGTB256,music_weighted,0,-0.8577628688455321,I300_minus_I60,donor
c,IGTB514,music_weighted,0,-0.4903477603094591,I300_minus_I60,donor
c,IGTB1506,music_weighted,0,-1.0428824461198392,I300_minus_I60,donor
c,IGTB508,music_weighted,0,-0.7796753565486406,I300_minus_I60,donor
c,IGTB1650,music_weighted,0,-0.7286539308901874,I300_minus_I60,donor
c,IGTB195,music_weighted,0,-0.9832917620042508,I300_minus_I60,donor
c,IGTB1913,music_weighted,0,-0.5113609820938114,I300_minus_I60,donor
c,HC-572,music_weighted,0,-0.1887609410729115,I300_minus_I60,donor
c,HC-014,music_weighted,0,0.2175394746517714,I300_minus_I60,donor
c,IGTB1921,music_weighted,0,-1.04531812611647,I300_minus_I60,donor
c,IGTB826,music_weighted,0,-1.1517553319966969,I300_minus_I60,donor
c,IGTB1966,music_weighted,0,-0.2973002782014889,I300_minus_I60,donor
c,IGTB498,music_weighted,0,-0.752154282824897,I300_minus_I60,donor
c,mean,music_weighted,0,-0.6871905462004978,I300_minus_I60,mean
